{"cameraMode":{"drawMode":0,"name":"Shaded","section":"Shading Mode"},"sceneLighting":true,"audioPlay":false,"sceneViewState":{"showFog":true,"showMaterialUpdate":false,"showSkybox":true,"showFlares":true,"showImageEffects":true,"showParticleSystems":true},"in2DMode":false,"pivot":{"x":-2.270822286605835,"y":7.428768157958984,"z":-28.175983428955079},"rotation":{"x":-0.45559507608413699,"y":0.014952783472836018,"z":-0.007650451734662056,"w":-0.8900370001792908},"size":33.68760299682617,"orthographic":false}